Variable,CV_Pct,Volatility_Index,Stability_Pct,Autocorrelation
Area (ha),38.99333025208939,61.56303035821499,4.545454545454546,0.5522238469723584
Production (tonnes),49.610557147265254,91.8330085874583,4.545454545454546,0.4403241842857827
Yield (t/ha),19.68168837308012,24.90496370281967,31.818181818181817,0.21658344710744223
