District,Variable,CV_Pct,Volatility_Index,Stability_Pct,Autocorrelation
Nashik,Yield (t/ha),10.447353215437966,9.417803439623707,75.0,0.4398039805181122
Solapur,Yield (t/ha),15.923627361602872,23.86425594196881,41.66666666666667,-0.03544905876578733
