Crop_Year,Start_Year,End_Year,Completeness_Pct,Total_Days,Available_Days,RAINFALL_MM_Total,RAINFALL_MM_Count,EVAPORATION_MM_Total,EVAPORATION_MM_Count,EVAPOTRANSPIRATION_MM_Total,EVAPOTRANSPIRATION_MM_Count,SUNSHINE_HOURS_Mean,SUNSHINE_HOURS_Count,MAX_TEMP_C_Mean,MAX_TEMP_C_Count,MIN_TEMP_C_Mean,MIN_TEMP_C_Count,MEAN_TEMP_C_Mean,MEAN_TEMP_C_Count,RH_0700_PERCENT_Mean,RH_0700_PERCENT_Count,RH_1400_PERCENT_Mean,RH_1400_PERCENT_Count
2002-2003,2002,2003,95.8904109589041,365,350,265.20000000000005,329,1941.0,329,1202.6,329,7.603647416413375,329,33.328267477203646,329,17.88085106382979,329,25.52340425531915,329,66.75075987841946,329,35.0516717325228,329
2003-2004,2003,2004,98.36065573770492,366,360,80.7,335,1745.2999999999997,335,1147.7,335,7.93910447761194,335,32.68626865671642,335,18.043880597014926,335,25.376119402985076,335,68.0865671641791,335,36.58716417910448,335
2004-2005,2004,2005,98.08219178082192,365,358,58.89999999999999,349,1777.0,349,1175.3,349,7.492263610315185,349,32.08223495702006,349,17.935243553008593,349,24.9730659025788,349,71.34383954154728,349,38.8730659025788,349
2005-2006,2005,2006,99.17808219178083,365,362,61.1,356,1484.9,356,1226.2,356,7.5002808988764045,356,31.803932584269663,356,17.382303370786516,356,24.62162921348315,356,71.31460674157303,356,37.10112359550562,356
2006-2007,2006,2007,100.0,365,365,696.5999999999999,362,1755.3,362,1310.2,362,7.480662983425415,362,32.421270718232044,362,18.303591160221,362,25.34171270718232,362,71.6767955801105,362,41.45580110497237,362
2007-2008,2007,2008,100.0,366,366,542.8000000000001,342,1959.3,342,1189.5,342,7.208187134502923,342,32.55555555555556,342,17.48625730994152,342,25.040058479532167,342,70.95029239766082,342,36.66081871345029,342
2009-2010,2009,2010,100.0,365,365,906.2,351,1974.6,351,692.1999999999999,351,6.968660968660969,351,33.023931623931624,351,18.154985754985756,351,25.626780626780622,351,70.0,351,40.4985754985755,351
2015-2016,2015,2016,100.0,366,366,659.3000000000001,366,2419.1000000000004,366,2155.3,366,7.161748633879781,366,33.391530054644804,366,19.226229508196724,366,26.33907103825136,366,59.08469945355191,366,39.221311475409834,366
